{
  "apkFileName": "security_src.apk",
  "PackageInfo": {
    "forcedPackageId": "127",
    "renameManifestPackage": null
  },
  "doNotCompress": [
    "resources.arsc",
    "png",
    "jpg"
  ],
  "compressionType": false,
  "sparseResources": false,
  "version": "2.4.0-250627",
  "sharedLibrary": false,
  "VersionInfo": {
    "versionName": "5.0.0.0",
    "versionCode": "3573638"
  },
  "UsesFramework": {
    "ids": [1],
    "tag": null
  },
  "unknownFiles": {},
  "apkFilePath": "/storage/emulated/0/VScode/security.apk",
  "compactEntries": false,
  "isFrameworkApk": false,
  "sdkInfo": {
    "minSdkVersion": "21",
    "targetSdkVersion": "29"
  }
}